{"columns":["date","value","EAvalue"],"index":[1,2,3,4,5,6,7,8,9,10,11,12,13,14,15,16,17,18,19,20,21,22,23,24,25,26,27,28,29,30,31,32,33,34,35,36,37,38,39,40,41,42,43,44,45,46,47,48,49,50,51,52,53,54,55,56,57,58,59,60,61,62,63,64,65,66,67,68,69,70,71,72,73,74,75,76,77,78,79,80,81,82,83,84,85,86,87,88,89,90,91,92,93,94,95,96,97,98,99,100,101,102,103,104,105,106,107,108,109,110,111,112,113,114,115,116,117,118,119,120,121,122,123,124,125,126,127,128,129,130,131,132,133,134,135,136,137,138,139,140,141,142,143,144,145,146,147,148,149,150,151,152,153,154,155,156,157,158,159,160,161,162,163,164,165,166,167,168,169,170,171,172,173,174,175,176,177,178,179,180],"data":[[1569145137000,3488.6943359375,50.529296875],[1569231537000,3527.572265625,38.8779296875],[1569317937000,3662.2309570312,134.6586914062],[1569404337000,3792.5541992188,130.3232421876],[1569490737000,3914.3449707031,121.7907714843],[1569577137000,4035.6062011719,121.2612304688],[1569663537000,4159.1748046875,123.5686035156],[1569749937000,4193.6259765625,34.451171875],[1569836337000,4201.62109375,7.9951171875],[1569922737000,4346.0400390625,144.4189453125],[1570009137000,4491.1782226562,145.1381835937],[1570095537000,4617.1337890625,125.9555664063],[1570181937000,4765.185546875,148.0517578125],[1570268337000,4878.869140625,113.68359375],[1570354737000,4918.423828125,39.5546875],[1570441137000,4919.9594726562,1.5356445312],[1570527537000,5056.787109375,136.8276367188],[1570613937000,5193.576171875,136.7890625],[1570700337000,5330.3569335938,136.7807617188],[1570786737000,5477.1796875,146.8227539062],[1570873137000,5597.4345703125,120.2548828125],[1570959537000,5616.6611328125,19.2265625],[1571045937000,5622.4467773438,5.7856445313],[1571132337000,5758.322265625,135.8754882812],[1571218737000,5898.0498046875,139.7275390625],[1571305137000,6042.44921875,144.3994140625],[1571391537000,6192.8203125,150.37109375],[1571477937000,6281.7783203125,88.9580078125],[1571564337000,6319.3623046875,37.583984375],[1571650737000,6340.1157226562,20.7534179687],[1571737137000,6440.8447265625,100.7290039063],[1571823537000,6547.763671875,106.9189453125],[1571909937000,6653.3583984375,105.5947265625],[1571996337000,6753.7954101562,100.4370117187],[1572082737000,6841.1875,87.3920898438],[1572169137000,6855.9990234375,14.8115234375],[1572255537000,6856.5717773438,0.5727539063],[1572428337000,6958.48828125,101.9165039062],[1572514737000,7053.5063476562,95.0180664062],[1572601137000,7183.3447265625,129.8383789063],[1572687537000,7300.212890625,116.8681640625],[1572773937000,7355.5009765625,55.2880859375],[1572860337000,7407.90234375,52.4013671875],[1572946737000,7548.18359375,140.28125],[1573033137000,7694.8647460938,146.6811523438],[1573119537000,7833.8208007812,138.9560546874],[1573205937000,7971.4365234375,137.6157226563],[1573292337000,8100.05078125,128.6142578125],[1573378737000,8169.0419921875,68.9912109375],[1573465137000,8221.8486328125,52.806640625],[1573551537000,8349.3056640625,127.45703125],[1573637937000,8484.47265625,135.1669921875],[1573724337000,8616.4736328125,132.0009765625],[1573810737000,8750.16796875,133.6943359375],[1573897137000,8800.390625,50.22265625],[1573983537000,8868.546875,68.15625],[1574069937000,8917.4072265625,48.8603515625],[1574156337000,9057.0751953125,139.66796875],[1574242737000,9178.80859375,121.7333984375],[1574329137000,9323.626953125,144.818359375],[1574415537000,9448.814453125,125.1875],[1574501937000,9570.2900390625,121.4755859375],[1574588337000,9616.96484375,46.6748046875],[1574674737000,9653.5673828125,36.6025390625],[1574761137000,9714.748046875,61.1806640625],[1574847537000,9841.982421875,127.234375],[1574933937000,9960.9443359375,118.9619140625],[1575020337000,10090.525390625,129.5810546875],[1575106737000,10188.770507812,98.245117187],[1575193137000,10265.1796875,76.409179688],[1575279537000,10316.197265625,51.017578125],[1575365937000,10451.504882812,135.307617187],[1575452337000,10550.440429688,98.935546876],[1575538737000,10675.602539062,125.162109374],[1575625137000,10792.315429688,116.712890626],[1575711537000,10909.091796875,116.776367187],[1575797937000,10966.685546875,57.59375],[1575884337000,11017.935546875,51.25],[1575970737000,11125.6015625,107.666015625],[1576057137000,11250.009765625,124.408203125],[1576143537000,11351.36328125,101.353515625],[1576229937000,11460.329101562,108.965820312],[1576316337000,11560.6171875,100.288085938],[1576402737000,11622.625,62.0078125],[1576489137000,11672.1875,49.5625],[1576575537000,11758.442382812,86.254882812],[1576661937000,11836.364257812,77.921875],[1576748337000,11928.61328125,92.249023438],[1576834737000,12007.71875,79.10546875],[1576921137000,12089.275390625,81.556640625],[1577007537000,12130.693359375,41.41796875],[1577093937000,12174.28125,43.587890625],[1577180337000,12216.551757812,42.270507812],[1577266737000,12257.189453125,40.637695313],[1577353137000,12295.4765625,38.287109375],[1577439537000,12343.79296875,48.31640625],[1577525937000,12396.88671875,53.09375],[1577612337000,12441.961914062,45.075195312],[1577698737000,12481.138671875,39.176757813],[1577785137000,12534.5859375,53.447265625],[1577871537000,12575.528320312,40.942382812],[1577957937000,12614.563476562,39.03515625],[1578044337000,12669.306640625,54.743164063],[1578130737000,12734.033203125,64.7265625],[1578217137000,12774.764648438,40.731445313],[1578303537000,12813.295898438,38.53125],[1578389937000,12871.021484375,57.725585937],[1578476337000,12940.205078125,69.18359375],[1578562737000,13000.250976562,60.045898437],[1578649137000,13076.52734375,76.276367188],[1578735537000,13138.397460938,61.870117188],[1578821937000,13192.1953125,53.797851562],[1578908337000,13238.8125,46.6171875],[1578994737000,13306.306640625,67.494140625],[1579081137000,13381.365234375,75.05859375],[1579167537000,13451.40234375,70.037109375],[1579253937000,13539.494140625,88.091796875],[1579340337000,13605.943359375,66.44921875],[1579426737000,13667.91015625,61.966796875],[1579513137000,13720.63671875,52.7265625],[1579599537000,13788.299804688,67.663085938],[1579685937000,13873.165039062,84.865234374],[1579772337000,13936.489257812,63.32421875],[1579858737000,13998.33984375,61.850585938],[1579945137000,14062.657226562,64.317382812],[1580031537000,14122.90625,60.249023438],[1580117937000,14160.213867188,37.307617188],[1580204337000,14226.857421875,66.643554687],[1580290737000,14297.680664062,70.823242187],[1580377137000,14364.979492188,67.298828126],[1580463537000,14453.19921875,88.219726562],[1580549937000,14540.55859375,87.359375],[1580636337000,14626.836914062,86.278320312],[1580722737000,14703.8515625,77.014648438],[1580809137000,14816.1875,112.3359375],[1580895537000,14919.259765625,103.072265625],[1580981937000,15022.72265625,103.462890625],[1581068337000,15123.04296875,100.3203125],[1581154737000,15215.591796875,92.548828125],[1581241137000,15288.560546875,72.96875],[1581327537000,15356.189453125,67.62890625],[1581413937000,15457.990234375,101.80078125],[1581500337000,15548.6015625,90.611328125],[1581586737000,15634.858398438,86.256835938],[1581673137000,15720.37890625,85.520507812],[1581759537000,15816.241210938,95.862304688],[1581845937000,15885.248046875,69.006835937],[1581932337000,15950.29296875,65.044921875],[1582105137000,16165.888671875,215.595703125],[1582191537000,16272.767578125,106.87890625],[1582277937000,16383.365234375,110.59765625],[1582364337000,16480.06640625,96.701171875],[1582450737000,16543.142578125,63.076171875],[1582537137000,16604.427734375,61.28515625],[1582623537000,16671.23828125,66.810546875],[1582709937000,16739.330078125,68.091796875],[1582796337000,16803.3203125,63.990234375],[1582882737000,16892.8359375,89.515625],[1582969137000,16987.75390625,94.91796875],[1583055537000,17057.54296875,69.7890625],[1583141937000,17119.2890625,61.74609375],[1583228337000,17227.888671875,108.599609375],[1583314737000,17349.662109375,121.7734375],[1583401137000,17467.490234375,117.828125],[1583487537000,17587.599609375,120.109375],[1583573937000,